/*
Navicat MySQL Data Transfer

Source Server         : localhost
Source Server Version : 50624
Source Host           : 127.0.0.1:3306
Source Database       : 图书馆管理系统

Target Server Type    : MYSQL
Target Server Version : 50624
File Encoding         : 65001

Date: 2020-06-24 10:29:28
*/

SET FOREIGN_KEY_CHECKS=0;

-- ----------------------------
-- Table structure for 借书证
-- ----------------------------
DROP TABLE IF EXISTS `借书证`;
CREATE TABLE `借书证` (
  `借书证号` varchar(255) NOT NULL,
  `姓名` varchar(255) DEFAULT NULL,
  `系别` varchar(255) DEFAULT NULL,
  `专业` varchar(255) DEFAULT NULL,
  `允许借阅量` int(11) DEFAULT NULL,
  `总分` int(11) DEFAULT NULL,
  `欠分` int(11) DEFAULT NULL,
  `号码` varchar(255) DEFAULT NULL,
  `性别` varchar(255) DEFAULT NULL,
  PRIMARY KEY (`借书证号`)
) ENGINE=InnoDB DEFAULT CHARSET=utf8;

-- ----------------------------
-- Records of 借书证
-- ----------------------------
INSERT INTO `借书证` VALUES ('1234567', 'xiaohuan', '启迪', '软件', '5', '10', '0', '13500009991', '男');
INSERT INTO `借书证` VALUES ('201129489', '猿人', '启迪', '软件', '5', '10', '0', '15478973898', '女');
INSERT INTO `借书证` VALUES ('2017004914', '许芸宏', '汽车与交通学院', '工商管理(专升本)', '5', '10', '0', '18595929268', '女');
INSERT INTO `借书证` VALUES ('2017007324', '薛婷', '外国语学院', '交通运输', '5', '10', '0', '16935880620', '女');
INSERT INTO `借书证` VALUES ('201700998', 'qerwe', '是多少', '是啊', '5', '10', '0', '15789023421', '男');
INSERT INTO `借书证` VALUES ('2017010465', '孟莘丹', '艺术与文化传播学院', '工业工程', '5', '10', '0', '14481277484', '男');
INSERT INTO `借书证` VALUES ('2017019108', '顾静涵', '计算机科学与通信工程学院', '临床医学(本科)', '5', '10', '0', '11764385636', '女');
INSERT INTO `借书证` VALUES ('2017027390', '孟菡莉', '网络与现代教育技术中心', '口腔医学', '5', '10', '0', '11638383101', '男');
INSERT INTO `借书证` VALUES ('2017032939', '严紫慧', '汽车与交通学院', '食品科学与工程(专升本)', '5', '10', '0', '19851450513', '女');
INSERT INTO `借书证` VALUES ('2017038689', '秦海', '艺术与文化传播学院', '物联网工程', '5', '10', '0', '11187504033', '女');
INSERT INTO `借书证` VALUES ('2017040994', '韩慧怡', '国际教育学院', '计算机类(中外合作办学)(软件工程)', '5', '10', '0', '15226780036', '男');
INSERT INTO `借书证` VALUES ('2017049074', '史珠怡', '网络与现代教育技术中心', '视觉传达设计', '5', '10', '0', '12205370585', '女');
INSERT INTO `借书证` VALUES ('2017084345', '齐小', '体育学院', '机械工程（中职）', '5', '10', '0', '12272585556', '女');
INSERT INTO `借书证` VALUES ('2017114697', '黄宁', '艺术与文化传播学院', '计算机类(中外合作办学)(软件工程)', '5', '10', '0', '14965862530', '男');
INSERT INTO `借书证` VALUES ('2017115182', '陈艺', '体育学院', '交通运输(交通规划与管理方向)', '5', '10', '0', '15539221213', '男');
INSERT INTO `借书证` VALUES ('2017135351', '谢菁', '生物与化学工程学院', '自动化', '5', '10', '0', '16089462850', '男');
INSERT INTO `借书证` VALUES ('2017145449', '殷恬芳', '国际教育学院', '自动化（高端应用型本科人才联合培养试点）', '5', '10', '0', '11595097116', '男');
INSERT INTO `借书证` VALUES ('2017156754', '孙玲慧', '管理学院', '工商管理(专升本)', '5', '10', '0', '11838188681', '女');
INSERT INTO `借书证` VALUES ('2017170614', '顾幂茹', '生物与化学工程学院', '食品科学与工程', '5', '10', '0', '13226962986', '男');
INSERT INTO `借书证` VALUES ('2017176510', '王莉茹', '电气与信息工程学院', '工商管理', '5', '10', '0', '18455170596', '女');
INSERT INTO `借书证` VALUES ('2017183139', '许恬静', '外国语学院', '机器人工程', '5', '10', '0', '13676160323', '女');
INSERT INTO `借书证` VALUES ('2017184586', '李芬娜', '职业技术教育学院', '化学工程与工艺', '5', '10', '0', '14602161459', '男');
INSERT INTO `借书证` VALUES ('2017190609', '罗凯恩', '艺术与文化传播学院', '生物工程', '5', '10', '0', '19079033219', '女');
INSERT INTO `借书证` VALUES ('2017206053', '钱丽春', '社会科学学院', '机器人工程', '5', '10', '0', '10000610987', '男');
INSERT INTO `借书证` VALUES ('2017227375', '沈燕芬', '土木建筑工程学院', '电气工程与自动化（专升本）', '5', '10', '0', '12833966914', '男');
INSERT INTO `借书证` VALUES ('2017231604', '陈苹', '机械工程学院', '信息与计算科学', '5', '10', '0', '15627711777', '女');
INSERT INTO `借书证` VALUES ('2017244907', '严菁芝', '电气与信息工程学院', '交通运输(交通规划与管理方向)', '5', '10', '0', '12619119080', '男');
INSERT INTO `借书证` VALUES ('2017246804', '史乔玉', '网络与现代教育技术中心', '英语(科技翻译方向)', '5', '10', '0', '14581025155', '女');
INSERT INTO `借书证` VALUES ('2017251725', '谢珠芬', '机械工程学院', '英语', '5', '10', '0', '12128205941', '女');
INSERT INTO `借书证` VALUES ('2017257618', '何菡', '网络与现代教育技术中心', '医学检验技术', '5', '10', '0', '16594530171', '男');
INSERT INTO `借书证` VALUES ('2017268457', '贺香玉', '电气与信息工程学院', '数据科学与大数据技术', '5', '10', '0', '14450672791', '女');
INSERT INTO `借书证` VALUES ('2017276254', '元泽', '土木建筑工程学院', '人力资源管理', '5', '10', '0', '18606998400', '男');
INSERT INTO `借书证` VALUES ('2017276832', '王静静', '汽车与交通学院', '工商管理(专升本)', '5', '10', '0', '15208483753', '男');
INSERT INTO `借书证` VALUES ('2017277256', '云莉宏', '国际教育学院', '信息与计算科学', '5', '10', '0', '12821639511', '男');
INSERT INTO `借书证` VALUES ('2017277351', '李丹玉', '社会科学学院', '会计学（注册会计师试点班）', '5', '10', '0', '12398962721', '男');
INSERT INTO `借书证` VALUES ('2017282156', '鲍珠红', '财经学院', '机械工程(职师班)', '5', '10', '0', '14372001077', '女');
INSERT INTO `借书证` VALUES ('2017316190', '何玉恩', '理学院', '机械工程', '5', '10', '0', '11734398251', '女');
INSERT INTO `借书证` VALUES ('2017317035', '李丽', '土木建筑工程学院', '机械工程(职师)(高)', '5', '10', '0', '14573327518', '女');
INSERT INTO `借书证` VALUES ('2017317078', '彭莘玉', '土木建筑工程学院', '社会体育指导与管理', '5', '10', '0', '14519250231', '男');
INSERT INTO `借书证` VALUES ('2017320882', '褚慧', '网络与现代教育技术中心', '数字媒体技术', '5', '10', '0', '14068383299', '女');
INSERT INTO `借书证` VALUES ('2017321106', '彭宏菁', '工程训练中心', '市场营销', '5', '10', '0', '13463181765', '女');
INSERT INTO `借书证` VALUES ('2017347572', '蒋露恩', '国际教育学院', '物联网工程', '5', '10', '0', '19176851972', '女');
INSERT INTO `借书证` VALUES ('2017357735', '秦苹', '财经学院', '机械工程（协同育人培养应用本）', '5', '10', '0', '18790425576', '女');
INSERT INTO `借书证` VALUES ('2017358978', '罗春小', '外国语学院', '服装与服饰设计', '5', '10', '0', '16890744990', '女');
INSERT INTO `借书证` VALUES ('2017375868', '金丹', '电气与信息工程学院', '社会工作', '5', '10', '0', '13648026395', '男');
INSERT INTO `借书证` VALUES ('2017384972', '何恬', '体育学院', '经济学', '5', '10', '0', '10920956117', '女');
INSERT INTO `借书证` VALUES ('2017398327', '周娉', '汽车与交通学院', '自动化', '5', '10', '0', '16702310246', '男');
INSERT INTO `借书证` VALUES ('2017415358', '王宁华', '计算机科学与通信工程学院', '交通运输(汽车电子技术与检测诊断方向.职师班)', '5', '10', '0', '10528443866', '男');
INSERT INTO `借书证` VALUES ('2017427072', '曹小玲', '外国语学院', '国际经济与贸易', '5', '10', '0', '12853601000', '女');
INSERT INTO `借书证` VALUES ('2017431296', '曹苹', '职业技术教育学院', '电气工程与自动化（专升本）', '5', '10', '0', '12628094048', '女');
INSERT INTO `借书证` VALUES ('2017431856', '杨玉莘', '土木建筑工程学院', '轨道交通与信号控制', '5', '10', '0', '17053101110', '男');
INSERT INTO `借书证` VALUES ('2017445692', '钱菡露', '网络与现代教育技术中心', '电子信息工程(职师班)', '5', '10', '0', '14780467874', '女');
INSERT INTO `借书证` VALUES ('2017454930', '陈秋香', '电气与信息工程学院', '预防医学', '5', '10', '0', '10590757338', '女');
INSERT INTO `借书证` VALUES ('2017457800', '王珠兰', '土木建筑工程学院', '会计学专升本', '5', '10', '0', '18455609775', '男');
INSERT INTO `借书证` VALUES ('2017473352', '韩艺小', '启迪数字学院', '机械工程（中职）', '5', '10', '0', '11598445134', '男');
INSERT INTO `借书证` VALUES ('2017483710', '郑静', '启迪数字学院', '环境设计', '5', '10', '0', '16019390546', '女');
INSERT INTO `借书证` VALUES ('2017485601', '顾虹怡', '汽车与交通学院', '服装与服饰设计', '5', '10', '0', '18969276572', '女');
INSERT INTO `借书证` VALUES ('2017487517', '吕怡', '机械工程学院', '机械工程(模具设计与制造方向)', '5', '10', '0', '13816839422', '女');
INSERT INTO `借书证` VALUES ('2017496331', '王红', '理学院', '服装与服饰设计', '5', '10', '0', '15795623523', '男');
INSERT INTO `借书证` VALUES ('2017501360', '杨恩茹', '电气与信息工程学院', '纺织工程', '5', '10', '0', '13780671277', '男');
INSERT INTO `借书证` VALUES ('2017508451', '朱玲紫', '国际教育学院', '药学(高职)', '5', '10', '0', '17852090073', '女');
INSERT INTO `借书证` VALUES ('2017514503', '卫菡恬', '启迪数字学院', '汽车服务工程（中职）', '5', '10', '0', '19094158045', '女');
INSERT INTO `借书证` VALUES ('2017533485', '秦恬', '电气与信息工程学院', '电子信息工程(职师班)', '5', '10', '0', '15781749152', '男');
INSERT INTO `借书证` VALUES ('2017557356', '孙丽囵', '电气与信息工程学院', '视觉传达设计', '5', '10', '0', '17055848944', '男');
INSERT INTO `借书证` VALUES ('2017566109', '郑晶春', '外国语学院', '临床医学(本科)', '5', '10', '0', '12991874420', '男');
INSERT INTO `借书证` VALUES ('2017572990', '王丽囵', '国际教育学院', '机械工程(数控技术方向)', '5', '10', '0', '13075644018', '男');
INSERT INTO `借书证` VALUES ('2017588997', '孙茹玲', '艺术与文化传播学院', '食品科学与工程(专升本)', '5', '10', '0', '15771831406', '女');
INSERT INTO `借书证` VALUES ('2017630039', '黄恬乔', '计算机科学与通信工程学院', '工业工程', '5', '10', '0', '19009540630', '女');
INSERT INTO `借书证` VALUES ('2017640795', '吕宏', '财经学院', '交通运输(汽车电子技术与检测诊断方向.职师班)', '5', '10', '0', '19164839244', '女');
INSERT INTO `借书证` VALUES ('2017665558', '朱凯娜', '社会科学学院', '交通运输(汽车电子技术与检测诊断方向.职师班)', '5', '10', '0', '14667458803', '女');
INSERT INTO `借书证` VALUES ('2017677814', '陈锦芬', '理学院', '机械工程（协同育人培养应用本）', '5', '10', '0', '17889385239', '男');
INSERT INTO `借书证` VALUES ('2017703019', '朱晶菲', '汽车与交通学院', '医学影像技术', '5', '10', '0', '17735062367', '男');
INSERT INTO `借书证` VALUES ('2017715188', '王芬', '计算机科学与通信工程学院', '车辆工程(职师班)', '5', '10', '0', '18219322595', '男');
INSERT INTO `借书证` VALUES ('2017724264', '陈莉泽', '社会科学学院', '机械工程(模具设计与制造方向.职师班)', '5', '10', '0', '10388499010', '男');
INSERT INTO `借书证` VALUES ('2017729705', '冯娟', '社会科学学院', '医学检验技术', '5', '10', '0', '11741269736', '女');
INSERT INTO `借书证` VALUES ('2017734622', '周利婷', '财经学院', '工程造价', '5', '10', '0', '11898970313', '男');
INSERT INTO `借书证` VALUES ('2017735807', '蒋玉', '社会科学学院', '口腔医学', '5', '10', '0', '13872620520', '男');
INSERT INTO `借书证` VALUES ('2017749980', '王芬', '计算机科学与通信工程学院', '车辆工程', '5', '10', '0', '12340294111', '男');
INSERT INTO `借书证` VALUES ('2017750910', '余泽娉', '机械工程学院', '测控技术与仪器', '5', '10', '0', '11749756130', '男');
INSERT INTO `借书证` VALUES ('2017751171', '冯静涵', '体育学院', '机械类（中外合作办学）（机械工程）', '5', '10', '0', '15077283844', '男');
INSERT INTO `借书证` VALUES ('2017760557', '何莘莘', '艺术与文化传播学院', '社会工作', '5', '10', '0', '19162189460', '男');
INSERT INTO `借书证` VALUES ('2017763833', '杨芸', '土木建筑工程学院', '英语(科技翻译方向)', '5', '10', '0', '11684918184', '男');
INSERT INTO `借书证` VALUES ('2017775403', '黄丹宁', '管理学院', '信息管理与信息系统', '5', '10', '0', '10328579479', '男');
INSERT INTO `借书证` VALUES ('2017811232', '姜雪玉', '财经学院', '机器人工程', '5', '10', '0', '10916371562', '女');
INSERT INTO `借书证` VALUES ('2017813644', '吴芳怡', '计算机科学与通信工程学院', '国际商务', '5', '10', '0', '17514522492', '男');
INSERT INTO `借书证` VALUES ('2017813988', '姜慧怡', '艺术与文化传播学院', '机械工程(职师班)', '5', '10', '0', '12703960613', '女');
INSERT INTO `借书证` VALUES ('2017827510', '贺静海', '社会科学学院', '车辆工程', '5', '10', '0', '16660533820', '男');
INSERT INTO `借书证` VALUES ('2017838690', '柳凯', '机械工程学院', '信息管理与信息系统', '5', '10', '0', '17581104104', '女');
INSERT INTO `借书证` VALUES ('2017838778', '史丽玲', '理学院', '交通运输(汽车电子技术与检测诊断方向.职师班)', '5', '10', '0', '17613353692', '男');
INSERT INTO `借书证` VALUES ('2017847458', '殷芬', '外国语学院', '临床医学(本科)', '5', '10', '0', '11536234897', '女');
INSERT INTO `借书证` VALUES ('2017855104', '王宏菁', '理学院', '计算机科学与技术', '5', '10', '0', '15275349407', '男');
INSERT INTO `借书证` VALUES ('2017878097', '齐丽恩', '社会科学学院', '英语(商务英语方向)', '5', '10', '0', '14176026524', '女');
INSERT INTO `借书证` VALUES ('2017878919', '沈燕妙', '工程训练中心', '口腔医学', '5', '10', '0', '18155922200', '男');
INSERT INTO `借书证` VALUES ('2017879608', '彭菁', '启迪数字学院', '工业设计', '5', '10', '0', '16927139133', '男');
INSERT INTO `借书证` VALUES ('2017880736', '陈虹雪', '汽车与交通学院', '交通运输', '5', '10', '0', '15121473557', '男');
INSERT INTO `借书证` VALUES ('2017908530', '柳丹娜', '机械工程学院', '通信工程', '5', '10', '0', '19488397828', '男');
INSERT INTO `借书证` VALUES ('2017908625', '贺小玲', '工程训练中心', '口腔医学技术', '5', '10', '0', '19854966988', '女');
INSERT INTO `借书证` VALUES ('2017926290', '谢静菲', '机械工程学院', '环境设计', '5', '10', '0', '10937051097', '女');
INSERT INTO `借书证` VALUES ('2017938726', '史艺婷', '机械工程学院', '汽车服务工程（中职）', '5', '10', '0', '17441505849', '女');
INSERT INTO `借书证` VALUES ('2017945609', '金晶兰', '艺术与文化传播学院', '车辆工程(职师班)', '5', '10', '0', '14533658220', '男');
INSERT INTO `借书证` VALUES ('2017959389', '曹利', '艺术与文化传播学院', '经济学', '5', '10', '0', '16443727356', '女');
INSERT INTO `借书证` VALUES ('2017961793', '彭华宁', '启迪数字学院', '交通运输(汽车电子技术与检测诊断方向.职师班)', '5', '10', '0', '10992494210', '女');
INSERT INTO `借书证` VALUES ('2017995009', '谢涵囵', '电气与信息工程学院', '交通运输', '5', '10', '0', '15438077660', '女');
INSERT INTO `借书证` VALUES ('2019000011', 'zhisdj', '启迪', '软件', '5', '10', '0', '12343464543', '男');
INSERT INTO `借书证` VALUES ('20208438', 'fsas', '吸收', '喜欢', '5', '10', '0', '15924249421', '男');

-- ----------------------------
-- Table structure for 借阅
-- ----------------------------
DROP TABLE IF EXISTS `借阅`;
CREATE TABLE `借阅` (
  `借书证号` varchar(255) NOT NULL,
  `图书编号` varchar(255) NOT NULL,
  `图书名称` varchar(255) DEFAULT NULL,
  `姓名` varchar(255) DEFAULT NULL,
  `时间` varchar(255) DEFAULT NULL,
  PRIMARY KEY (`借书证号`,`图书编号`),
  KEY `num5` (`图书编号`),
  CONSTRAINT `num4` FOREIGN KEY (`借书证号`) REFERENCES `借书证` (`借书证号`),
  CONSTRAINT `num5` FOREIGN KEY (`图书编号`) REFERENCES `图书信息` (`图书编号`)
) ENGINE=InnoDB DEFAULT CHARSET=utf8;

-- ----------------------------
-- Records of 借阅
-- ----------------------------
INSERT INTO `借阅` VALUES ('2017004914', '1213131', '安徒生童话', '许芸宏', '2020-06-18');

-- ----------------------------
-- Table structure for 图书信息
-- ----------------------------
DROP TABLE IF EXISTS `图书信息`;
CREATE TABLE `图书信息` (
  `图书编号` varchar(255) NOT NULL,
  `图书名称` varchar(255) DEFAULT NULL,
  `作者` varchar(255) DEFAULT NULL,
  `出版日期` varchar(255) DEFAULT NULL,
  `图书出版社` varchar(255) DEFAULT NULL,
  `书架号` int(255) DEFAULT NULL,
  `数量` int(255) DEFAULT NULL,
  `图书总数量` int(255) DEFAULT NULL,
  PRIMARY KEY (`图书编号`),
  KEY `num6` (`书架号`),
  CONSTRAINT `num6` FOREIGN KEY (`书架号`) REFERENCES `图书馆` (`书架号`)
) ENGINE=InnoDB DEFAULT CHARSET=utf8;

-- ----------------------------
-- Records of 图书信息
-- ----------------------------
INSERT INTO `图书信息` VALUES ('1213131', '安徒生童话', '冀海波', '2017-8-9', '广西科技大学', '1', '1', '3');
INSERT INTO `图书信息` VALUES ('12345', '安徒生童话', '冀海波', '2017-8-9', '广西科技大学', '1', '2', '3');
INSERT INTO `图书信息` VALUES ('12349', '格林童话', '王春洪', '2017-8-13', '广西科技大学', '1', '9', '9');
INSERT INTO `图书信息` VALUES ('12350', '上学了做更好的自己', '李 岩', '2017-8-14', '广西科技大学', '1', '10', '10');
INSERT INTO `图书信息` VALUES ('12351', '是有所诵', '苏易', '2017-8-15', '广西科技大学', '1', '11', '11');
INSERT INTO `图书信息` VALUES ('12352', '弟子规', '瑞烨', '2017-8-16', '广西科技大学', '1', '3', '3');
INSERT INTO `图书信息` VALUES ('12353', '植物乐园', '刘干才', '2017-8-17', '广西科技大学', '1', '4', '4');
INSERT INTO `图书信息` VALUES ('12354', '逃家小兔', '王学理', '2017-8-18', '广西科技大学', '1', '5', '5');
INSERT INTO `图书信息` VALUES ('12355', '父与子全集', '张哲', '2017-8-19', '广西科技大学', '1', '6', '6');
INSERT INTO `图书信息` VALUES ('12356', '虫虫世界', '张哲', '2017-8-20', '广西科技大学', '1', '7', '7');
INSERT INTO `图书信息` VALUES ('12357', '树妈妈的衣服', '张哲', '2017-8-21', '广西科技大学', '1', '8', '8');
INSERT INTO `图书信息` VALUES ('12358', '鼠小弟，长大以后做什么', '李营', '2017-8-22', '广西科技大学', '1', '9', '9');
INSERT INTO `图书信息` VALUES ('12359', '鼠小弟和大象哥哥', '姜廷午', '2017-8-23', '广西科技大学', '2', '10', '10');
INSERT INTO `图书信息` VALUES ('12360', '去买玩具了', '牛立红', '2017-8-24', '广西科技大学', '2', '11', '11');
INSERT INTO `图书信息` VALUES ('12361', '安的种子', '牛立红', '2017-8-25', '广西科技大学', '2', '12', '12');
INSERT INTO `图书信息` VALUES ('12362', '鼠小弟去海边', '张桐', '2017-8-26', '广西科技大学', '2', '6', '6');
INSERT INTO `图书信息` VALUES ('12363', '幼儿安全常识', '张文杰', '2017-8-27', '广西科技大学', '2', '7', '7');
INSERT INTO `图书信息` VALUES ('12364', '坐巴士出去玩', '刘小沙', '2017-8-28', '广西科技大学', '2', '8', '8');
INSERT INTO `图书信息` VALUES ('12365', '在梦里，做好梦', '周宝良', '2017-8-29', '广西科技大学', '2', '9', '9');
INSERT INTO `图书信息` VALUES ('12366', '猜猜我有多爱你', '周国良', '2017-8-30', '广西科技大学', '2', '10', '10');
INSERT INTO `图书信息` VALUES ('12367', '万能的电', '邵丽鸥', '2017-9-1', '广西科技大学', '2', '11', '11');
INSERT INTO `图书信息` VALUES ('12368', '小狐狸买手套', '王维浩', '2017-9-2', '广西科技大学', '2', '12', '12');
INSERT INTO `图书信息` VALUES ('12369', '小羊睡不着', '畲田', '2017-9-3', '广西科技大学', '2', '13', '13');
INSERT INTO `图书信息` VALUES ('12370', '古堡探案行', '王磊', '2017-9-4', '广西科技大学', '2', '14', '14');
INSERT INTO `图书信息` VALUES ('12371', '奔向月球', '刘蕾', '2017-9-5', '广西科技大学', '2', '15', '15');
INSERT INTO `图书信息` VALUES ('12372', '蚯蚓的日记', '孙健', '2017-9-6', '广西科技大学', '2', '16', '16');
INSERT INTO `图书信息` VALUES ('12373', '雪孩子', '潘英丽', '2017-9-7', '广西科技大学', '2', '17', '17');
INSERT INTO `图书信息` VALUES ('12374', '呀，地震了', '韩海霞', '2017-9-8', '广西科技大学', '2', '2', '2');
INSERT INTO `图书信息` VALUES ('12375', '听企鹅讲故事', '中江嘉男', '2017-9-9', '广西科技大学', '3', '3', '3');
INSERT INTO `图书信息` VALUES ('12376', '彼得兔的故事', '中江嘉男', '2017-9-10', '广西科技大学', '3', '4', '4');
INSERT INTO `图书信息` VALUES ('12377', '和妈妈一起读故事', '廉东星', '2017-9-11', '广西科技大学', '3', '5', '5');
INSERT INTO `图书信息` VALUES ('12378', '不要妈妈抱', '郑颖', '2017-9-12', '广西科技大学', '3', '6', '6');
INSERT INTO `图书信息` VALUES ('12379', '起床了，穿衣服', '中江嘉男', '2017-9-13', '广西科技大学', '3', '7', '7');
INSERT INTO `图书信息` VALUES ('12380', '幼儿安全常识', '真果果', '2017-9-14', '广西科技大学', '3', '8', '8');
INSERT INTO `图书信息` VALUES ('12381', '古利和古拉与小堇', '林云', '2017-9-15', '广西科技大学', '3', '5', '5');
INSERT INTO `图书信息` VALUES ('12382', '古利和古拉', '傅一新', '2017-9-16', '广西科技大学', '3', '6', '6');
INSERT INTO `图书信息` VALUES ('12383', '365夜故事', '刘蕾', '2017-9-17', '广西科技大学', '3', '7', '7');
INSERT INTO `图书信息` VALUES ('12384', '麻烦小精灵', '韩海霞', '2017-9-18', '广西科技大学', '3', '8', '8');
INSERT INTO `图书信息` VALUES ('12385', '有妖怪', '董慧', '2017-9-19', '广西科技大学', '3', '9', '9');
INSERT INTO `图书信息` VALUES ('12386', '风从哪里来', '李文潇', '2017-9-20', '广西科技大学', '3', '10', '10');
INSERT INTO `图书信息` VALUES ('12387', '礼貌待人', '傅一新', '2017-9-21', '广西科技大学', '3', '11', '11');
INSERT INTO `图书信息` VALUES ('12388', '了不起的狐狸爸爸', '白雪静', '2017-9-22', '广西科技大学', '3', '12', '12');
INSERT INTO `图书信息` VALUES ('12389', '打招呼', '刘蕾', '2017-9-23', '广西科技大学', '3', '13', '13');
INSERT INTO `图书信息` VALUES ('12390', '动物大百科', '李文潇', '2017-9-24', '广西科技大学', '3', '14', '14');
INSERT INTO `图书信息` VALUES ('12391', '会走路的小房子', '韩海霞', '2017-9-25', '广西科技大学', '3', '15', '15');
INSERT INTO `图书信息` VALUES ('12392', '鸡蛋里的悄悄话', '罗萍', '2017-9-26', '广西科技大学', '4', '1', '1');
INSERT INTO `图书信息` VALUES ('12393', '七个小淘气', '毕翠克丝', '2017-9-27', '广西科技大学', '4', '2', '2');
INSERT INTO `图书信息` VALUES ('12394', '我好喜欢她', '李晓鸽', '2017-9-28', '广西科技大学', '4', '3', '3');
INSERT INTO `图书信息` VALUES ('12395', '我要找到朗朗', '刘干才', '2017-9-29', '广西科技大学', '4', '4', '4');
INSERT INTO `图书信息` VALUES ('12396', '我想有颗星星', '徐冬梅', '2017-10-1', '广西科技大学', '4', '5', '5');
INSERT INTO `图书信息` VALUES ('12397', '上学了，学习是头等大事', '姜廷午', '2017-10-2', '广西科技大学', '5', '6', '6');
INSERT INTO `图书信息` VALUES ('12398', '一千零一夜', '尹丽华', '2017-10-3', '广西科技大学', '5', '7', '7');
INSERT INTO `图书信息` VALUES ('12399', '神奇的彩虹', '郭启祥', '2017-10-4', '广西科技大学', '5', '8', '8');
INSERT INTO `图书信息` VALUES ('12400', '和爸爸一起读故事', '安徒生', '2017-10-5', '广西科技大学', '5', '9', '9');
INSERT INTO `图书信息` VALUES ('12401', '一年级的小豆豆', '张红', '2017-10-6', '广西科技大学', '6', '10', '10');
INSERT INTO `图书信息` VALUES ('12402', '安徒生童话', '刘海栖', '2017-10-7', '广西科技大学', '6', '11', '11');
INSERT INTO `图书信息` VALUES ('12403', '大战红孩儿车迟国斗法', '唐文革', '2017-10-8', '广西科技大学', '6', '12', '12');
INSERT INTO `图书信息` VALUES ('12404', '悟空戏八戒偷吃人参果', '崔钟雷', '2017-10-9', '广西科技大学', '6', '13', '13');
INSERT INTO `图书信息` VALUES ('12405', '我会自己读（彩虹卷）', '张红', '2017-10-10', '广西科技大学', '7', '14', '14');
INSERT INTO `图书信息` VALUES ('12406', '我会自己读（太阳卷）', '薛瑞萍', '2017-10-11', '广西科技大学', '7', '15', '15');
INSERT INTO `图书信息` VALUES ('12407', '我会自己读（星星卷）', '薛瑞萍', '2017-10-12', '广西科技大学', '7', '16', '16');
INSERT INTO `图书信息` VALUES ('qwqw', 'utut', 'wew', '2017-8-9', 'utut', '1', '4', '4');

-- ----------------------------
-- Table structure for 图书馆
-- ----------------------------
DROP TABLE IF EXISTS `图书馆`;
CREATE TABLE `图书馆` (
  `书架号` int(11) NOT NULL,
  `楼层号` int(11) DEFAULT NULL,
  `图书总量` int(11) DEFAULT NULL,
  PRIMARY KEY (`书架号`)
) ENGINE=InnoDB DEFAULT CHARSET=utf8;

-- ----------------------------
-- Records of 图书馆
-- ----------------------------
INSERT INTO `图书馆` VALUES ('1', '1', '80');
INSERT INTO `图书馆` VALUES ('2', '1', '173');
INSERT INTO `图书馆` VALUES ('3', '2', '117');
INSERT INTO `图书馆` VALUES ('4', '2', '15');
INSERT INTO `图书馆` VALUES ('5', '3', '30');
INSERT INTO `图书馆` VALUES ('6', '3', '46');
INSERT INTO `图书馆` VALUES ('7', '4', '45');
INSERT INTO `图书馆` VALUES ('8', '4', '0');
INSERT INTO `图书馆` VALUES ('9', '5', '0');
INSERT INTO `图书馆` VALUES ('10', '5', '0');

-- ----------------------------
-- Table structure for 管理员
-- ----------------------------
DROP TABLE IF EXISTS `管理员`;
CREATE TABLE `管理员` (
  `用户名` varchar(255) NOT NULL,
  `密码` varchar(255) NOT NULL,
  `标志` varchar(255) NOT NULL,
  `号码` varchar(255) DEFAULT NULL,
  `邮箱` varchar(255) DEFAULT NULL,
  `性别` varchar(255) DEFAULT NULL,
  PRIMARY KEY (`用户名`)
) ENGINE=InnoDB DEFAULT CHARSET=utf8;

-- ----------------------------
-- Records of 管理员
-- ----------------------------
INSERT INTO `管理员` VALUES ('apeman', 'e807f1fcf82d132f9bb018ca6738a19f', 'false', '17647399076', '1@qq.com', '男');
INSERT INTO `管理员` VALUES ('retetew', '8ce87b8ec346ff4c80635f667d1592ae', 'false', '15678797797', '1@qq.com', '男');
INSERT INTO `管理员` VALUES ('root', '63a9f0ea7bb98050796b649e85481845', 'true', '12345678901', '1@qq.com', '女');
INSERT INTO `管理员` VALUES ('root1', 'e807f1fcf82d132f9bb018ca6738a19f', 'false', '13811201231', '2@qq.com', '男');
INSERT INTO `管理员` VALUES ('root2', 'e807f1fcf82d132f9bb018ca6738a19f', 'false', '12345678901', '1@qq.com', '男');
INSERT INTO `管理员` VALUES ('rootrootroot', '25d55ad283aa400af464c76d713c07ad', 'false', '13589094809', '1@qq.com', '男');
INSERT INTO `管理员` VALUES ('wqwqw', 'e807f1fcf82d132f9bb018ca6738a19f', 'false', '15343535353', '1@qq.com', '男');

-- ----------------------------
-- Table structure for 超期
-- ----------------------------
DROP TABLE IF EXISTS `超期`;
CREATE TABLE `超期` (
  `借书证号` varchar(255) NOT NULL,
  `图书编号` varchar(255) NOT NULL,
  `姓名` varchar(255) DEFAULT NULL,
  `图书名称` varchar(255) DEFAULT NULL,
  `欠分` int(11) DEFAULT NULL,
  PRIMARY KEY (`借书证号`,`图书编号`),
  KEY `num2` (`图书编号`),
  CONSTRAINT `num1` FOREIGN KEY (`借书证号`) REFERENCES `借书证` (`借书证号`),
  CONSTRAINT `num2` FOREIGN KEY (`图书编号`) REFERENCES `图书信息` (`图书编号`)
) ENGINE=InnoDB DEFAULT CHARSET=utf8;

-- ----------------------------
-- Records of 超期
-- ----------------------------
